﻿<?xml version="1.0" encoding="utf-8" ?>
<sharpPlugins>
  <add key="LevelMeter" value="SDRSharp.LevelMeter.LevelMeterPlugin,SDRSharp.LevelMeter" />
  <add key="Frequency Manager" value="SDRSharp.FreqMan.FreqManPlugin,SDRSharp.FreqMan" />
  <add key="BasebandRecorder" value="SDRSharp.BasebandRecorder.BasebandRecorderPlugin,SDRSharp.BasebandRecorder" />
  <add key="AudioRecorder" value="SDRSharp.AudioRecorder.AudioRecorderPlugin,SDRSharp.AudioRecorder" />
  <add key="AuxVFO-1" value="SDRSharp.AuxVFO.AuxVFOPlugin,SDRSharp.AuxVFO" />
  <add key="Tetra" value="SDRSharp.Tetra.TetraPlugin,SDRSharp.Tetra"/>
  <add key="Toolbar" value="SDRSharp.ToolbarPlugin.ToolbarPlugin,SDRSharp.ToolbarPlugin" />
  <add key="Zoom FFT" value="SDRSharp.ZoomFFT.ZoomFFTPlugin,SDRSharp.ZoomFFT" />
  <add key="Band Plan" value="SDRSharp.BandPlan.BandPlanPlugin,SDRSharp.BandPlan" />
  <add key="Audio Waterfall" value="SDRSharp.AudioWaterfall.AudioWaterfallPlugin,SDRSharp.AudioWaterfall" />
  <add key="MagicEye" value="SDRSharp.MagicEye.MagicEyePlugin,SDRSharp.MagicEye"/>
  <add key="Night Mode" value="SDRSharp.NightMode.NightModePlugin,SDRSharp.NightMode" />
</sharpPlugins>